Estelle_Reiner,1914-06-05,2008-10-25
Bill_Flagg,,
Helen_Carter,1927-09-19,1998-06-02
Tom_Verlaine,1949-12-13,
Dale_Evans,1912-10-31,2001-02-07
Arthur_Prysock,1924-01-01,1997-06-14
Cecil_Gant,1913-04-04,1951-02-04
Onie_Wheeler,,
Harry_McGilberry,,
Ross_Childress,1971-09-08,
Boozoo_Chavis,1930-10-23,2001-05-05
Buck_Griffin,,
Thomas_A._Dorsey,1899-07-01,1993-01-23
Miguel_Poventud,,
Bob_Manning_(pop_singer),,
Roscoe_Holcomb,1912-09-05,1981-02-01
Catfish_Keith,1962-02-09,
Johnny_Horton,1925-04-30,1960-11-05
Scott_MacIntyre,1985-06-22,
Diane_Schuur,1953-12-10,
Charles_Wayne_Day,1942-08-05,2008-03-10
Margarita_Sierra,1936-01-05,1963-09-06
Mark_DeBarge,1959-06-19,
Jane_Dornacker,1947-10-01,1986-10-22
Trixie_Smith,,
Jimi_Hendrix,1942-11-27,1970-09-18
Roy_Acuff,1903-09-15,1992-11-23
Goree_Carter,1930-12-31,1990-12-29
Anthony_Kiedis,1962-11-01,
E.G._Kight,1966-01-17,
Myrtle_Watkins,1908-06-23,1968-11-10
Tony_Vincent,1973-07-25,
Debbie_Harry,1945-07-01,
Jackie_Lee_Cochran,,
Hager_Twins,1941-08-30,2008-05-01
Catya_Sassoon,1968-09-03,2002-01-01
Richard_Quine,1920-11-12,1989-06-10
Zeke_Clements,,
Chris_Rice,,
Jay_Bennett,1963-11-15,2009-05-24
Otis_%22Big_Smokey%22_Smothers,1929-03-21,1993-07-23
Nick_Carter_(musician),1980-01-28,
Roberta_Martin,1907-02-12,1969-01-18
Earl_Coleman_(singer),1925-08-12,1995-07-12
Richard_%22Dimples%22_Fields,,
Angelyne,,
Adrienne_Bailon,1983-10-24,
Kenny_Loggins,1948-01-07,
Norma_Donaldson,1928-07-08,1994-11-22
Nathaniel_Mayer,,
Clarence_Williams_(musician),1893-10-08,
Melvin_Endsley,,
Judy_Clay,,2001-07-19
William_Blankenship,,
Rubin_Lacey,,
Frank_Proffitt,,1965-11-24
Red_Hayes,1926-04-04,1973-03-02
Louis_Armstrong,1901-08-04,1971-07-06
Nell_Rankin,,
Jermaine_Jackson,1954-12-11,
Edward_Patten,1939-08-27,2005-02-25
John_Henry_Barbee,,
Andrew_F%C3%B6ldi,,
Fiona_Apple,1977-09-13,
Jimmy_Scott,1925-07-17,2014-06-12
Connie_B._Gay,,1989-12-03
Lorraine_Ellison,1931-03-17,1983-01-31
Eric_Adams_(musician),1954-07-12,
Andy_Karl,,
Sheldon_Allman,1924-06-08,2002-01-22
St._Louis_Jimmy_Oden,1903-06-26,1977-12-30
Mario_Lanza,,
Maria_Callas,,
Jodi_Benson,1961-10-10,
Dave_Prater,1937-05-09,1988-04-09
Luke_Jordan,1892-01-28,1952-06-25
Shug_Fisher,1907-09-26,1984-03-16
Ben_Folds,1966-09-12,
Pete_Yorn,1974-07-27,
Clifton_Chenier,1925-06-25,1987-12-12
Lisa_Lopes,1971-05-27,2002-04-25
Alfred_Drake,1914-10-07,1992-07-25
David_Blair_McClosky,,
Bob_Johnstone_(singer),,
Little_Walter,1930-05-01,1968-02-15
Ronnie_Dyson,1950-06-05,1990-11-10
Glenn_Langan,1917-07-08,1991-01-26
John_Sines_Jr.,1968-10-15,
Jackey_Beavers,1937-06-19,2008-10-28
Margaret_Harshaw,,
Eartha_Kitt,1927-01-17,2008-12-25
Virgil_Childers,,
Georgeanna_Tillman,1944-02-06,1980-01-06
Natalie_Cole,1950-02-06,2015-12-31
Piano_Red,1911-10-19,1985-07-25
Juice_Newton,1952-02-18,
Faith_Bacon,1910-07-19,1956-09-26
Kansas_Joe_McCoy,1905-05-11,1950-01-28
Kym_Mazelle,1960-08-10,
Tampa_Red,1904-01-08,1981-03-19
Emily_Pulley,,
Walter_Scott_(singer),1943-02-07,1983-12-27
Deana_Carter,1966-01-04,
Dawn_Upshaw,,
Taylor_Hicks,1976-10-07,
Ernest_Lawlars,1900-05-18,1961-11-14
Claude_Joseph_Johnson,,1990-07-20
Lucille_Ball,1911-08-06,1989-04-26
Krystal_Harris,1981-11-07,
Mary_Ellis,1897-06-15,2003-01-30
Fats_Domino,1928-02-26,2017-10-24
Rob_Quist,1948-01-05,
Warren_Smith_(singer),1932-02-07,1980-01-30
Luke_McDaniel,1927-02-03,1992-06-27
Yvonne_Fair,1942-10-21,1994-03-06
Lillie_McCloud,1959-12-07,
Connie_Francis,1938-12-12,
Leroy_Carr,1905-03-27,1935-04-29
Prince_Markie_Dee,1968-02-19,
James_King_(tenor),,
Helen_Jepson,,
Bradley_Nowell,1968-02-22,1996-05-25
Ron_%22Patch%22_Hamilton,,
Alfie_Agnew,1969-01-24,
Urylee_Leonardos,1910-05-14,1986-04-25
John_Alexander_(tenor),,
Nick_Lachey,,
Bobby_Bloom,,
Mark_Lundberg,,
John_Schmid,,
Art_Lund,,
Glenn_Goins,1954-01-02,1978-07-29
Michelle_Triola_Marvin,1932-11-13,2009-10-30
Danny_Gans,,2009-05-01
Dave_Rubinstein,,
Big_Bad_Smitty,,
Virginia_MacWatters,,
Nico_Castel,,
Taj_Mahal_(musician),1942-05-17,
Giorgio_Tozzi,,
Jeff_Gutt,1976-05-02,
Doris_Troy,1937-01-06,2004-02-16
Eddie_Dean_(singer),1907-07-09,1999-03-04
Alaina_Reed_Hall,1946-11-10,2009-12-17
Bob_Howard_(singer),,
Morton_Downey,,1985-10-25
Emmanuel_Taylor_Gordon,,
Tom_Glazer,1914-09-02,2003-02-21
William_Warfield,1920-01-02,2002-08-26
Ella_Johnson,,
Bill_Gaither_(gospel_singer),1936-03-28,
Sixto_Rodriguez,1942-07-10,
Don_Ameche,1908-05-31,1993-12-06
Angela_Lansbury,1925-10-16,
Jackie_Davis,1920-12-13,1999-11-02
Zaidee_Jackson,1898-12-30,1970-12-15
Doodles_Weaver,1911-05-11,1983-01-17
Conrad_Thibault,,
Ed_McCaskey,1919-04-27,2003-04-08
Gene_%22Birdlegg%22_Pittman,1947-05-10,
Don_Gant,,
D%27Anna_Fortunato,,
Nick_Hexum,1970-04-12,
King_Solomon_Hill,,
Grady_Martin,,2001-12-03
Jill_Phillips,1977-02-15,
Roger_Voudouris,1954-12-29,2003-08-03
Harry_Barris,1905-11-25,1962-12-13
Johnny_Carroll,1937-10-23,1995-01-13
Gus_Hardin,1945-04-09,1996-02-17
Marvin_Gaye,1939-04-02,1984-04-01
Keith_Green,1953-10-21,1982-07-28
Benjamin_Orr,,2000-10-03
Little_Hatch,1921-10-25,2003-01-14
Hayes_McMullan,1902-01-29,
Rubberlegs_Williams,,
Johnny_Paycheck,1938-05-31,2003-02-19
Jess_Thomas,,
Tex_Ritter,1905-01-12,1974-01-02
Garry_Glenn,1955-05-12,1991-09-27
Kathy_Kelly_(musician),1961-03-06,
Vestal_Goodman,1929-12-13,2003-12-27
Bob_Wills,1905-03-06,1975-05-13
Daniel_Johnston,1961-01-22,
Dave_Grohl,1969-01-14,
Joan_Perry,1911-07-07,1996-09-16
Howdy_Forrester,,1987-08-01
Keith_Whitley,1955-07-01,1989-05-09
Carrie_Akre,1966-09-24,
Audrey_Assad,1983-07-01,
Chris_LeDoux,1948-10-02,2005-03-09
Doris_Akers,1923-05-21,1995-07-26
Mark_Erelli,1974-06-20,
Eddie_Vedder,1964-12-23,
Franklin_Delano_Williams,1947-06-27,1993-03-22
Gene_Lockhart,1891-07-18,1957-03-31
Joey_Lawrence,1976-04-20,
B.B._King,1925-09-16,2015-05-14
Ella_Fitzgerald,1917-04-25,1996-06-15
Chris_Kelly_(rapper),,
Bryan_MacLean,1946-09-25,1998-12-25
Aleksa_Palladino,1980-09-21,
Tammi_Terrell,1945-04-29,1970-03-16
Jim_Nesbitt,1931-12-01,2007-11-29
Viola_Wills,,
Conor_Oberst,1980-02-15,
Ruth_Wallis,1920-01-05,2007-12-22
Lee_Wiley,1908-10-09,1975-12-11
Lil_Hardin_Armstrong,,1971-08-27
Carolyn_Franklin,1944-05-13,1988-04-25
Dolores_Hawkins,,
Elizabeth_Schultz_Rigg,,
Ann_Magnuson,1956-01-04,
Chris_Trousdale,1985-06-11,
Barry_White,1944-09-12,2003-07-04
Randy_Atcher,,
Eula_Beal,,
Beyonc%C3%A9,1981-09-04,
John_Reardon_(baritone),,
Durelle_Alexander,,
Ben_Lackland,,
Freddie_King,1934-09-03,1976-12-28
Jan_Savitt,1907-09-04,1948-10-04
Ariel_Pink,1978-06-24,
George_Kirby,1923-06-08,1995-09-30
Billy_Walker_(musician),1929-01-14,2006-05-21
Jan_Peerce,,
James_McCracken,,
T._Texas_Tyler,1916-06-20,1972-01-28
Beck,1970-07-08,
Virginia_Liston,,
Natalie_Grant,1971-12-21,
Maxine_Feldman,1945-12-26,2007-08-17
Ral_Donner,,
Roni_Lee,,
Wade_Dominguez,1966-05-10,1998-08-26
Lovie_Lee,1909-03-17,1997-05-23
Bob_Russell_(television_presenter),,
Dorris_Henderson,,
Oleta_Adams,1953-05-04,
Earl_King,1934-02-07,2003-04-17
Rex_Gallion,,
Washboard_Sam,1910-07-15,1966-11-06
Sam_Neely,1948-08-22,2006-07-19
Nina_Simone,1933-02-21,2003-04-21
Ysaye_Maria_Barnwell,1946-02-28,
Keith_Christopher,1957-04-27,1998-02-23
Jimmy_Hotz,1953-10-12,
Little_Willy_Foster,1922-04-20,1987-11-25
Eddie_Fontaine,,
Jim_Nabors,1930-06-12,2017-11-30
Doris_Kenyon,1897-09-05,1979-09-01
Bobby_Pulido,1971-04-25,
Sammy_Hagar,1947-10-13,
Mona_Ray,,
Anne_Lloyd,,
Courtney_Love,1964-07-09,
Blind_Lemon_Jefferson,1893-09-24,1929-12-19
Gerald_Casale,1948-07-28,
Beth_Malone,1969-01-02,
JC_Chasez,1976-08-08,
Conway_Twitty,1933-09-01,1993-06-05
Louise_Troy,1933-11-09,1994-05-05
Brandy_Norwood,1979-02-11,
Johnnie_Wilder_Jr.,1949-07-03,2006-05-13
Z._Z._Hill,1935-09-30,1984-04-27
Coretti_Arle_Titz,1883-12-05,1951-12-15
Ashley_Ballard,1985-06-09,
Roy_Harvey_(musician),1892-03-04,1958-07-11
Sam_Gary,,
Eddie_Jefferson,1918-08-03,1979-05-09
Big_Boy_Henry,1921-05-26,2004-12-05
June_Carroll,,
Lorene_Harrison,,
Christina_Aguilera,1980-12-18,
Linda_Hopper,1959-03-14,
Paul_Clayton_(folksinger),1931-03-03,1967-03-30
Earl_Sinks,1940-01-01,2017-05-13
Iris_Adrian,1912-05-29,1994-09-17
Shana_(singer),1972-05-08,
Seymour_Schwartzman,1930-12-07,2009-01-18
Ray_Peterson,1939-04-23,2005-01-25
June_Walker,1900-06-14,1966-02-03
Ellie_Greenwich,1940-10-23,2009-08-26
L._C._McKinley,1918-10-22,1970-01-19
Roberta_Flack,1937-02-10,
Calvin_%22Fuzz%22_Jones,1926-06-09,2010-08-09
Paul_Simon,1941-10-13,
Hank_Williams,1923-09-17,1953-01-01
Clarence_White,,1973-07-14
Peppermint_Harris,,
Danniebelle_Hall,,
Madeline_Kahn,1942-09-29,1999-12-03
Bernice_Claire,1906-01-27,
Jim_Dickinson,1941-11-15,2009-08-15
Abner_Jay,1921-07-15,1993-11-04
Retta_Young,,
Dolly_Parton,1946-01-19,
Dee_Edwards_(singer),1945-06-19,2006-01-25
Speedy_Haworth,1922-05-16,2008-02-26
Joey_McIntyre,1972-12-31,
Richard_Bernstein_(bass),,
Mahalia_Jackson,1911-10-26,1972-01-27
Esther_Heideman,,
Eleanor_Lausch_Dietrich,,
Karen_O,1978-11-22,
L.C._Green,1921-10-23,1985-08-24
Lee_Dorsey,1924-12-24,1986-12-01
Slim_Whitman,1923-01-20,2013-06-19
Leslie_West,1945-10-22,
Amel_Larrieux,1973-03-08,
Charlie_Feathers,1932-06-12,1998-08-29
Robert_Ward_(blues_musician),1938-10-15,2008-12-25
Selena,1971-04-16,1995-03-31
Ernestine_Barrier,,
Geeshie_Wiley,,
Rudy_Lewis,1936-08-23,1964-05-20
Ardis_Krainik,,
Bonnie_Baker_(singer),1917-04-01,1990-08-11
Cindy_Walker,,
Lorna_Luft,1952-11-21,
Gaelle_Adisson,,
Puma_Jones,1953-10-05,1990-01-28
Tito_G%C3%B3mez_(Puerto_Rican_singer),1948-04-09,2007-06-11
Florence_Kirk,,
Guitar_Nubbit,1923-11-23,1995-06-30
Ronald_Townson,1933-01-29,2001-08-02
Hallie_Parrish_Hinges,,
Teri_Thornton,,
Marie_Cahill,,
Dawn_Kotoski,,
Frances_Foster,1924-06-11,1997-06-17
Andrea_Gruber,,
Tina_Turner,1939-11-26,
Ruby_Johnson,1936-04-19,1999-07-04
Kenneth_Carllile,,1987-07-31
Denise_LaSalle,1939-07-16,
Stephen_Dickson,,
Roy_Hogsed,1919-12-24,1978-03-13
Millard_Lampell,,
Joyce_Ebert,,
Doris_Fisher_(songwriter),1915-05-02,2003-01-15
Amy_Farris,,
John_Charles_Thomas,,
Portia_Nelson,1920-05-27,2001-03-06
Bashful_Brother_Oswald,1911-12-26,2002-10-17
Mose_Vinson,,
Goebel_Reeves,,
Eloise_Laws,1943-11-06,
Annette_Hanshaw,1901-10-18,1985-03-13
Dick_Foran,1910-06-18,1979-08-10
Judy_Clark,,
James_Ray_(singer),,
Joe_Valino,,
Walter_Carringer,,
Bert_Sommer,1949-02-07,1990-07-23
Elizabeth_Daily,1961-09-11,
Don_Ho,1930-08-13,2007-04-14
Lainie_Kazan,1940-05-15,
Ginuwine,1970-10-15,
Carla_Thomas,1942-12-21,
Ernest_Phipps,,
Debbie_Dean_(singer),,
Wynonie_Harris,1915-08-24,1969-06-14
Crown_Prince_Waterford,1916-10-26,2007-02-01
George_Givot,,
Sonny_Bono,1935-02-16,1998-01-05
Harold_Dorman,,
Jim_Ford,,
Jerry_Naylor,1939-03-06,
Margaret_Matzenauer,1881-06-01,1963-05-19
Grant_Maloy_Smith,1957-08-28,
Hal_Hopper,,
Jesse_Leach,1978-07-03,
Ralph_Young_(singer),1918-07-01,2008-08-22
Donnie_McClurkin,1959-11-09,
Johnnie_Davis,,1983-10-28
Joan_Baez,1941-01-09,
Florence_Cole_Talbert,1890-06-17,1961-04-03
Arthur_Lee_%22Red%22_Smiley,1925-05-17,1972-01-02
Blanche_Deyo,,1933-08-30
Tiny_Topsy,1930-05-22,1964-08-16
Lee_Mallory,,
Bryan_Andrew_Wilson,1981-11-03,
Natalie_Bodanya,,
Hambone_Willie_Newbern,,
Fats_Pichon,1906-04-03,1967-02-25
Damita_Jo_DeBlanc,,
John_Arcesi,1917-02-11,1983-04-12
Kevin_Mahoney,1965-09-06,2011-10-14
Junior_Wells,1934-12-09,1998-01-15
Chris_Bartley_(singer),,
Riley_Puckett,1894-05-07,1946-07-13
Gloria_Foy,,
Erline_Harris,1914-04-05,2004-01-06
Alice_Ghostley,1923-08-14,2007-09-21
Jimmy_Joy,,
Norma_Tanega,1939-01-30,
Richard_Dyer-Bennet,,
Rusty_Wier,1944-05-03,2009-10-09
Sergio_Franchi,1926-04-06,1990-05-01
Emil_Gorovets,1923-06-10,2001-08-17
Jack_Barry_(singer),,
Paul_Althouse,1889-12-02,1954-02-06
Troy_Donahue,1936-01-27,2001-09-02
Billy_Todd,,
Martina_Arroyo,,
Everett_Marshall_(singer),,
Dorinda_Clark-Cole,1957-10-19,
Ren%C3%A9e_Fleming,1959-02-14,
Anomie_Belle,,
Mariah_Carey,1969-03-27,
James_Booker,1939-12-17,
Karen_Dalton_(singer),1937-07-19,1993-03-19
Rosemary_Clooney,1928-05-23,2002-06-29
Eugenie_Baird,,
Maralin_Niska,,
Desir%C3%A9e_Goyette,1956-09-10,
Herb_Flemming,,
Soraya_(musician),,2006-05-10
Betty_Hall_Jones,,
Ronnie_Barron,1943-10-09,1997-03-20
Marion_Weed,1865-09-12,1947-06-22
Lance_Loud,1951-06-26,2001-12-22
Root_Boy_Slim,1944-07-09,1993-06-08
Peter_Laughner,1952-08-22,1977-06-22
Todd_Whitener,1978-05-28,
Twinkie_Clark,1954-11-15,
Doug_Quattlebaum,1929-01-22,1996-03-01
Johnny_Shines,1915-04-26,1992-04-20
Will_McLean,,
Richard_Tee,1943-11-24,1993-07-21
Leon_Thomas,,
Bob_Blue,,
Zola_Taylor,1938-03-17,2007-04-30
Larry_Hall,,
Jack_Fulton,1903-06-13,1993-11-13
Paula_Abdul,1962-06-19,
Big_Mama_Thornton,1926-12-11,1984-07-25
Liz_Tilton,,
Haleloke_Kahauolopua,,
Lucine_Amara,,
McHenry_Boatwright,,
Joe_Williams_(jazz_singer),1918-12-12,1999-03-29
Irene_Reid,,
Silas_Hogan,1911-09-15,1994-01-09
Ben_Gage,,
Jerry_Hadley,,
Rex_Allen,1920-12-31,1999-12-17
Thelma_Votipka,,
George_MacFarlane,1878-11-17,1932-02-22
Tori_Amos,1963-08-22,
Danny_Gaither,1938-11-20,2001-04-06
Joan_McCracken,1917-12-31,1961-11-01
Chester_Ludgin,,
Doctor_Ross,1925-10-21,1993-05-28
Eldon_Hoke,1958-03-23,1997-04-19
La_Lupe,1939-12-23,1992-02-29
Lisa_Lopez,,
Lefty_Frizzell,1928-03-31,1975-07-19
Tito_Jackson,1953-10-15,
Faith_Evans,1973-06-10,
Alice_Lon,1926-11-23,1981-04-24
Jackson_C._Frank,1943-03-02,1999-03-03
Otis_Blackwell,1931-02-16,2002-05-06
Myra_Kinch,,
Smith_Ballew,1902-01-21,1984-05-02
Lefty_Dizz,1937-04-29,1993-09-07
Jay_C._Flippen,1899-03-06,1971-02-03
Merle_Kilgore,,2005-02-06
Singin%27_Sammy_Ward,,
Steven_Grossman_(musician),,
Rozz_Williams,1963-11-06,1998-04-01
Ethel_Waters,1896-10-31,1977-09-01
B._J._Baker,,
Sister_Rosetta_Tharpe,1915-03-20,1973-10-09
Shannon_Hoon,1967-09-26,1995-10-21
Enrico_Di_Giuseppe,,
Sam_Harris_(singer),1961-06-04,
Nydia_Westman,1902-02-19,1970-05-23
Wini_Shaw,1907-02-25,1982-05-02
Logan_English,1928-11-29,1983-03-09
Jenny_O.,,
Joey_Ramone,1951-05-19,2001-04-15
Mitzi_Green,1920-10-22,1969-05-24
Shirley_Goodman,1936-06-19,2005-07-05
Lloyd_Gough,1907-09-21,1984-07-23
Gary_Primich,1958-04-20,2007-09-23
Cleavon_Little,1939-06-01,1992-10-22
Moses_%22Whispering%22_Smith,1932-01-25,1984-04-28
Timmie_Rogers,1915-07-04,2006-12-17
Furry_Lewis,1893-03-06,1981-09-14
Chris_Bender_(singer),1972-08-02,1991-11-03
Rudy_Vall%C3%A9e,1901-07-28,1986-07-03
Stacy_Francis,1969-04-16,
Yvonne_Ciannella,1926-07-07,
Randy_Fuller_(musician),1944-01-29,
Nina_Mae_McKinney,1912-06-13,1967-05-03
Big_Joe_Duskin,1921-02-10,2007-05-06
Percy_Mayfield,1920-08-12,1984-08-11
Barry_Gordon,1948-12-21,
Cindy_Birdsong,1939-12-15,
Jerry_Garcia,,1995-08-09
Ruby_Allmond,,
Forest_City_Joe,1926-07-10,1960-04-03
Renee_Godfrey,1919-09-01,1964-05-24
Donnie_Ray_Albert,,
Ricky_Allen,,
Elle_Varner,1989-02-12,
Jimmy_Velvit,1941-01-11,
Odia_Coates,1941-11-13,1991-05-19
Tex_Fletcher,,
Frank_Parker_(singer),,
Arthur_Endr%C3%A8ze,,
Lonnie_Shields,1956-04-17,
Frances_Greer,,
Diana_Ross,1944-03-26,
Anthony_Armstrong_Jones,1949-06-02,1996-06-16
Gene_Allison,,
Jimmie_Skinner,,1979-10-27
Ann_Ayars,,
Lisa_Bielawa,,
Freddie_Mack,,
Latimore_(musician),1939-09-07,
Barbara_Siggers_Franklin,1917-06-29,1952-03-07
Marlon_Jackson,1957-03-12,
Phil_Seymour,1952-05-15,1993-08-17
Patricia_Kelly,1969-11-25,
Teresa_Graves,1948-01-10,2002-10-10
Dave_Dudley,1928-05-03,2003-12-22
Ann_Cole,1934-01-29,
Paula_Kelly_(singer),1919-04-06,1992-04-02
Randy_Barlow,1943-03-29,
Shirley_Temple,1928-04-23,2014-02-10
Patti_Smith,1946-12-30,
Alexander_Kipnis,,
Richard_B._Boone,1930-02-24,1999-02-08
John_Greenway_(folklorist),,
George_Cehanovsky,,
Gilda_Maiken,,
Penny_Ford,1964-06-11,
Andrew_Tibbs,1929-02-02,1991-05-05
Ernest_McChesney,,
Tress_MacNeille,1951-06-20,
Telly_Savalas,1922-01-21,1994-01-22
Barbi_Benton,1950-01-28,
Frank_Little_(tenor),,
Wilbert_Harrison,1929-01-05,1994-10-26
Wilson_Pickett,1941-03-18,2006-01-19
Jimmie_Rodgers_(country_singer),1897-09-08,1933-05-26
David_Reilly,,
Smokey_Rogers,,
Peggy_Taylor,1927-10-12,2002-02-09
Dean_Reed,,
Alan_Dale_(singer),1925-07-09,2002-04-20
Whispering_Jack_Smith,,
Robert_Pete_Williams,1914-03-14,1980-12-31
Doc_Sausage,1911-03-07,
Bruce_Yarnell,1935-12-28,1973-11-30
John_White_(singer),,
Jackie_Paris,,
"Chet_Allen_(actor,_born_1939)",1939-05-06,1984-06-17
Anita_O%27Day,1919-10-18,2006-11-23
The_Weather_Girls,,
Dub_Jones_(singer),1928-05-14,2000-01-16
Wally_Gold,,
Malcolm_Yelvington,1918-09-14,2001-02-21
Dylan_Hicks,,
Sonny_Boy_Nelson,,
Frankie_Randall_(singer),1938-01-11,2014-12-28
Claire_Austin,,
Kallen_Esperian,1961-06-08,
Marvin_Sapp,1967-01-28,
Robert_Wilkins,1896-01-16,1987-05-26
Jimmie_Davis,1899-09-11,2000-11-05
Judee_Sill,1944-10-07,1979-11-23
Joe_Jones_(singer),1926-08-12,2005-11-27
Mike_Shinoda,1977-02-11,
Puchi_Balseiro,1926-11-01,2007-01-11
Terry_Fell,,
The_Big_Bopper,1930-10-24,1959-02-03
Missy_Elliott,1971-07-01,
Lewis_James,,
Marilyn_Manson,1969-01-05,
Jeanne_Lee,,
Bob_Markley,1935-08-29,2003-09-09
Clay_Eager,,
Divine_(performer),1945-10-19,1988-03-07
Gwen_Guthrie,,1999-02-03
Trent_Reznor,1965-05-17,
Susanna_Hoffs,1959-01-17,
Bob_Baker_(actor),1910-11-08,1975-08-29
Phyllis_Newman,1933-03-19,
Bobby_Jameson,1945-04-20,2015-05-12
Wesley_Willis,1963-05-31,2003-08-21
Autry_Inman,1929-01-06,1988-09-06
Charlie_Allen_(singer),1942-05-01,1990-05-07
Richard_Ray_Farrell,,
Marilyn_Maye,,
Jerry_Lott,,
Moondi_Klein,1963-03-13,
Cassandra_Wilson,1955-12-04,
Gitta_Alp%C3%A1r,1903-02-05,1991-02-17
David_Oliver_(actor),1962-01-31,1992-11-12
Aaron_Carter,1987-12-07,
Sande%C3%A9,1962-01-19,2008-12-15
Marta_Belen,,
Albertina_Walker,1929-08-29,2010-10-08
J._Frank_Wilson,1941-12-11,1991-10-04
Carol_Haney,1924-12-24,1964-05-10
Lisa_Lisa,1967-01-15,
June_Christy,1925-11-20,1990-06-21
Billy_Guy,1936-06-20,2002-11-05
Tracey_Ullman,1959-12-30,
Peggy_Cass,1924-05-21,1999-03-08
Pervis_Jackson,,
Brandon_Heath,1978-07-21,
Effie_Smith,1914-04-10,1977-02-11
Bull_Moose_Jackson,1919-04-22,1989-07-31
Screamin%27_Jay_Hawkins,1929-07-18,2000-02-12
Norma_Terris,,
Gary_McFarland,1933-10-23,1971-11-03
Esquerita,1935-11-20,1986-10-23
Beverly_Mae_Wilson,,
Albert_White_(musician),1942-12-01,
Jack_Harrold,,
Harold_Lang,,
Andy_Williams,1927-12-03,2012-09-25
Queen_Latifah,1970-03-18,
Steve_Green_(singer),1956-08-01,
Rusty_Draper,1923-01-25,2003-03-28
Evelyn_Hoey,1910-12-15,1935-09-11
Ara_Berberian,,
Boyd_Bennett,1924-12-07,2002-06-02
Al_Downing_(musician),1940-01-09,2005-07-04
Lois_Maffeo,,
Richard_Leech_(tenor),,
Joan_Whitney_Kramer,,
Enid_Watkins,,
Lucy_Shelton,,
Vaughn_De_Leath,1894-09-26,1943-05-28
Dian_Hart,,
Sonny_Parker_(musician),,
John_Long_(blues_musician),,
Alexis_Cohen,1983-10-17,2009-07-25
Rose_Bampton,,
Leonard_Treash,,
Lena_Machado,1903-10-16,1974-01-11
Blind_Joe_Hill,,
Judith_Blegen,,
Marshall_Leib,1939-01-26,2002-03-15
Rosalind_Elias,,
Fred_Holstein,1942-12-12,2004-01-12
Willie_Nix,1922-08-06,1991-07-08
Donald_Richards,1919-03-24,1953-09-26
Melissa_Schuman,,
Kalin_Twins,,
Caleb_Ginyard,1910-01-15,1978-08-11
Pee_Wee_King,1914-02-18,2000-03-07
Lonesome_Sundown,1928-12-12,1995-04-23
Texas_Gladden,,
Thomas_Whitfield_(singer),1954-04-30,1992-06-20
Prince_La_La,,
Dolly_Haas,1910-04-29,1994-09-16
Pete_Francis_Heimbold,1975-01-08,
Aubrey_Pankey,,
Kate_Pierson,1948-04-27,
Ross_Bagdasarian_Sr.,1919-01-27,1972-01-16
Julita_Ross,,
Randy_California,1951-02-20,1997-01-02
Patti_Page,1927-11-08,2013-01-01
Ellen_Beach_Yaw,,
Dickie_Peterson,1946-09-12,2009-10-12
Marilyn_Maxwell,1921-08-03,1972-03-20
Ray_Gillen,1959-05-12,1993-12-01
Otha_Young,,
Jimmy_Farrar,1950-12-08,
Mimi_Benzell,1924-05-06,1970-12-23
Peg_Leg_Sam,1911-12-28,1977-10-27
Della_Reese,1931-07-06,2017-11-19
Eric_Carmen,1949-08-11,
Toni_Basil,1943-09-22,
Timothy_Gray,,
Florida_Friebus,1909-10-10,1988-05-27
Audi_Y_Zentimiento,1971-07-01,
Robert_Kerns,,
Jo_Jo_Adams,,
Bas_Sheva,1925-07-25,1960-02-11
James_V._Kern,1909-09-22,1966-11-09
Son_House,1902-03-21,
Dorothy_Norwood,1935-05-29,
Bill_Kenny_(singer),1914-06-12,1978-03-23
Bob_Hite,1943-02-26,1981-04-05
Claudia_Dell,1910-01-10,1977-09-05
Justin_Jeffre,1973-02-25,
Constance_Carpenter,1904-04-19,1992-12-26
Guitar_Gabriel,1925-10-12,1996-04-02
Richard_Barone,,
Mildred_Bailey,,1951-12-12
Page_Cavanaugh,,
Draco_Rosa,1970-06-27,
Zilla_Mays,,
Jeff_Chance,1954-12-13,2008-12-12
Ernest_Tubb,1914-02-09,1984-09-06
Mattie_Moss_Clark,,
Jonny_Lang,1981-01-29,
Art_Thieme,1941-07-09,2015-05-26
Cheri_Dennis,1979-08-07,
William_Diard,,
Michael_English_(American_singer),1962-04-12,
Paula_Goodspeed,,
Bobby_Bland,1930-01-27,2013-06-23
Josephine_Baker,1906-06-03,1975-04-12
Hilda_Perleno,,
Toni_Fisher,,
Pharrell_Williams,1973-04-05,
Nicola_Paone,1915-10-05,2003-12-25
John_Gary,1932-11-29,1998-01-04
Zelma_Watson_George,1903-12-08,1994-07-03
Betty_Allen,,
Dorothy_Goetz,1892-02-05,1912-07-17
Ricky_Owens,,
Juke_Boy_Bonner,1932-03-22,1978-06-29
Maxwell_Street_Jimmy_Davis,1925-03-02,1995-12-28
Ed_McCurdy,1919-01-11,2000-03-23
Linda_Jones,1944-12-14,1972-03-14
George_Rasely,,
Bobby_Cole_(musician),1932-09-18,1996-12-19
May_Alix,1902-08-31,1983-11-01
Alisan_Porter,1981-06-20,
Kenny_Greene,1969-01-17,2001-10-01
Cliff_Carlisle,,1983-04-05
Jerry_Clower,1926-09-28,1998-08-24
Skip_James,1902-06-09,1969-10-03
Birgit_Ridderstedt,1914-11-26,1985-09-16
Mississippi_Joe_Callicott,,
Jim_Ellison,,
Robert_Anderson_(singer),1919-03-21,1995-06-15
Roscoe_Ates,1895-01-20,1962-03-01
Kevin_Sharp,1970-12-10,2014-04-19
Bob_Gibson_(musician),1931-11-16,1996-09-28
Gram_Parsons,1946-11-05,1973-09-19
Buck_Owens,1929-08-12,2006-03-25
Goldie_Hill,1933-01-11,2005-02-24
Ruby_Glover,,
Johnnie_Lee_Wills,,
Fenton_Robinson,1935-09-23,1997-11-25
Mary_Small,1922-05-14,2007-02-27
John_Langstaff,,
Peggy_Bernier,1907-03-19,2001-03-05
Varetta_Dillard,1933-02-03,1993-10-04
Doctor_Clayton,,
Lisa_Fischer,1958-12-01,
Reverend_Oris_Mays,,
Pearl_Bailey,1918-03-29,1990-08-17
Chet_Atkins,1924-06-20,2001-06-30
Peggy_King,1932-02-16,
Bill_Shirley,1921-07-06,1989-08-27
Marion_Harris,1896-04-04,1944-04-23
Tamara_Champlin,,
Dolora_Zajick,,
Gwen_Verdon,1925-01-13,2000-10-18
Snuffy_Jenkins,1908-10-27,1990-04-29
Margie_Rayburn,,
%22Big_Boy%22_Teddy_Edwards,,
Willie_Dixon,1915-07-01,1992-01-29
Cathy_Berberian,,
Norman_Scott_(bass),,
Tony_Orlando,1944-04-03,
Paula_Cole,1968-04-05,
James_Carr_(musician),1942-06-13,2001-01-07
Hoagy_Carmichael,1899-11-22,1981-12-27
Kim_Carnes,1945-07-20,
Stephen_Pearcy,1959-07-03,
Robin_Zander,1953-01-23,
Lanny_Ross,1906-01-19,1988-04-25
Cassietta_George,1929-01-23,1995-01-03
Rhoda_Chase,,
Mimi_Fari%C3%B1a,1945-04-30,2001-07-18
Jessica_Dragonette,,
Mary_Martin,1913-12-01,1990-11-03
Johnny_Darrell,1940-07-23,1997-10-07
Rupert_von_Trapp,1911-11-01,1992-02-22
Chester_Gaylord,,
Bob_Atcher,,1993-10-31
Christine_Kittrell,1929-08-11,2001-12-19
Maysa_Leak,1966-08-17,
Dave_Wilborn,,
Sharon_Redd,1945-10-19,1992-05-01
Etterlene_DeBarge,1935-10-13,
Juanita_Garc%C3%ADa,1943-02-14,2014-01-26
Johnny_Tyler,,
Curly_Fox,1910-11-09,1995-11-10
Cheryl_Wheeler,1951-07-10,
Helen_Ainsworth,1901-10-10,1961-08-18
Cheryl_Boyd-Waddell,,
Jane_Barbe,1928-07-29,2003-07-18
Andrew_McKinley,,
Barbara_Lee_(singer),,
Cara_Jones,,
R._B._Greaves,1943-11-28,2012-09-27
Buddy_Jones_(Western_swing_musician),,
Rick_Franklin,1952-03-16,
Terry_Gilkyson,1916-06-17,1999-10-15
Luther_Ingram,1937-11-30,2007-03-19
Marion_James,1934-10-08,2015-12-31
Frances_Gershwin,1906-12-06,1999-01-18
Pha_Terrell,,
Valucha_deCastro,1930-10-09,2007-02-12
Billie_Maxwell,,
Peter_Tevis,,
Robert_Weede,1903-02-22,1972-07-09
Eddie_Bo,1930-09-20,2009-03-18
Siggie_Nordstrom,1893-06-14,1980-12-24
Carole_Farley,,
Florence_Macbeth,,
Richard_Tucker,,
Queena_Mario,,
Bobo_Lewis,1926-05-14,1998-11-06
Cat_Iron,,
Harlan_Lattimore,,
Dave_%22Snaker%22_Ray,1943-08-17,2002-11-28
Michael_McDermott_(musician),,
Kenny_Rankin,1940-02-10,2009-06-07
Anthony_Rapp,1971-10-26,
Charlie_Ryan,1915-12-19,2008-02-16
Frankie_Lee_Sims,1917-04-30,1970-05-10
Jessica_Riddle,,
Roberta_Peters,,
Elinor_Ross,,
Denyce_Graves,,
Chaka_Seisay,,
Richard_Manuel,1943-04-03,1986-03-04
Jane_Froman,1907-11-10,1980-04-22
Chris_Cohen_(musician),,
Mark_Nesler,1961-01-05,
Ernest_Ball,1878-07-22,1927-05-03
Bill_Hefner,1930-04-11,2009-09-02
Gladys_Kuchta,,
Irene_Daye,,
Jennell_Hawkins,1938-04-08,2006-10-13
Jessica_Andrews,1983-12-29,
Baby_Boy_Warren,1919-08-13,1977-07-01
Driftin%27_Slim,,
Frank_Sinatra_Jr.,1944-01-10,2016-03-16
Shooby_Taylor,1929-09-19,2003-06-04
Larnelle_Harris,1947-07-06,
Jean_Gornish,,
Kevin_DuBrow,1955-10-29,2007-11-25
Vivian_Della_Chiesa,,
Ray_Bolger,1904-01-10,1987-01-15
Qwel,1980-06-06,
Eddy_Arnold,1918-05-15,2008-05-08
Clarence_Garlow,1911-02-27,1986-07-24
Eldridge_Holmes,,
Hubert_Johnson_(musician),1941-01-14,1981-07-11
Jessie_Hill,1932-12-09,1996-09-17
Vinnie_Dombroski,1962-12-04,
Ed_Kowalczyk,1971-07-16,
Big_Dee_Irwin,1932-07-06,1995-08-27
Memphis_Willie_B.,1911-11-04,1993-10-05
George_Carter_(musician),,
Steven_Ronald_Jensen,1959-04-29,2005-08-20
Janet_Jackson,1966-05-16,
Lonnie_Johnson_(musician),1899-02-08,1970-06-16
Asie_Payton,,
Maybelle_Carter,1909-05-10,1978-10-23
Arthur_Gunter,1926-05-23,1976-03-16
Redd_Harper,,
Judith_Raskin,,
Irene_Beasley,,
Andrew_W.K.,1979-05-09,
Yodelin%27_Slim_Clark,,
Benny_Bell,,
Zooey_Deschanel,1980-01-17,
Sydney_Rayner,,
John_Lee_Hooker,1912-08-22,
Brenda_Lee,1944-12-11,
Glen_Payne,1926-10-20,1999-10-15
Marion_Williams,1927-08-29,1994-07-02
Al_Green,1946-04-13,
Carmen_Delia_Dipini,,
Barbara_Lang_(film_actress),1928-03-02,1982-07-22
Tony_Fontane,,
Richie_Barrett,1933-07-14,2006-08-03
Carolina_Slim,1923-08-22,1953-10-22
Kenny_Dino,,
Kitty_Carlisle,1910-09-03,2007-04-17
Billy_Lee_Riley,1933-10-05,2009-08-02
Johnny_Pace,,
Irving_Kaufman_(singer),1890-02-08,1976-01-03
Damian_Dame,,
Joseph_Attles,1903-04-07,1990-10-29
Werner_von_Trapp,1915-12-21,2007-10-11
Lucie_Arnaz,1951-07-17,
Kathleen_Cassello,,
Michael_Callen,1955-04-11,1993-12-27
William_Tabbert,1919-10-05,1974-10-18
Johnny_Dollar_(musician),1922-03-08,1986-04-13
Janis_Carter,1913-10-10,1994-07-30
Bantcho_Bantchevsky,,
Larry_Birdsong,1934-06-15,1990-08-07
Carly_Simon,1945-06-25,
Cub_Koda,1948-10-01,2000-07-01
Chris_Smith_(rapper),,
Larry_Blyden,1925-06-23,1975-06-06
Lance_Bass,1979-05-04,
Big_Miller,1922-12-18,1992-06-09
James_King_(bluegrass),1958-09-09,2016-05-19
Gene_Malin,1908-06-30,1933-08-10
Jane_Greer,1924-09-09,2001-08-24
Gilda_Radner,1946-06-28,1989-05-20
Daniel_Cartier,,
Henry_D._%22Homer%22_Haynes,1920-07-27,1971-08-07
Hannah_Williams_(actress),,
Gerald_Levert,1966-07-13,2006-11-10
Rikk_Agnew,1958-12-09,
Betty_Noyes,1912-10-11,1987-12-24
Carman_(singer),1956-01-19,
Curt_Massey,1910-05-03,1991-10-21
Carol_Neblett,1946-02-01,2017-11-23
Sam_Theard,1904-10-10,1982-12-07
Irene_Scruggs,1901-12-07,1981-07-20
Don_McLean,1945-10-02,
Francis_L._Urry,1908-01-23,1985-05-06
Dan_Gatto,1970-09-21,
Sonny_King_(singer),1922-04-01,2006-02-03
Don_Rigsby,1968-02-18,
Santa_Biondo,1892-12-03,1989-02-15
Arkie_Shibley,1914-09-21,
Jo_Jo_Laine,,
Lu_Elliott,,1987-03-05
Muriel_Landers,1921-10-27,1977-02-19
Dan_Potthast,1972-10-09,
Bobby_Russell,1940-04-19,1992-11-19
Porter_Wagoner,1927-08-12,2007-10-28
Harold_Harper_Bennett,,
Nervous_Norvus,,
Ritchie_Valens,1941-05-13,1959-02-03
Signe_Toly_Anderson,1941-09-15,2016-01-28
Lillian_Hayman,1922-07-17,1994-10-25
Eddie_Lang_(singer),,
Ray_Eberle,1919-01-19,1979-08-25
Roy_Drusky,1930-06-22,2004-09-23
Jay_Owens_(musician),1947-09-06,2005-11-26
Ola_Belle_Reed,1916-08-18,2002-08-16
John_Fogerty,1945-05-28,
GG_Allin,1956-08-29,1993-06-28
Walter_Davis_(blues),1911-03-01,1963-10-22
Pearl_Williams,,
Dagmar_Nordstrom,1903-12-12,1976-04-09
Reta_Shaw,1912-09-13,1982-01-08
Don_Drumm_(singer),,
Lesley_Gore,1946-05-02,2015-02-16
Carmen_Zapata,1927-07-15,2014-01-05
Savannah_Churchill,1915-08-21,1974-04-19
Dorothy_Ashby,1930-08-06,1986-04-13
Amanda_Randolph,1896-09-02,1967-08-24
Fostina_Dixon,,
Robert_Shaw_(blues_musician),1908-08-09,1985-05-18
Howard_Da_Silva,1909-05-04,1986-02-16
Barbara_Baxley,,1990-06-07
Bobby_V,1980-02-27,
Dock_Boggs,1898-02-07,1971-02-07
Danny_Dill,1924-09-19,2008-10-23
Ron_Kenoly,1944-12-06,
Rosa_Lamoreaux,,
Barbara_Pittman,1938-04-06,2005-10-20
Bobo_Jenkins,1916-01-07,1984-08-14
Tupac_Shakur,1971-06-16,1996-09-13
Trey_Anastasio,1964-09-30,
Cage_(rapper),1973-05-04,
Nancy_Overton,1926-02-06,2009-04-05
Dan_Seals,1948-02-08,2009-03-25
Marvin_Sease,1946-02-16,2011-02-08
Shirley_Love,,
Ray_Smith_(country_singer),,
Greg_Guidry,1950-01-23,2003-07-28
Art_Alexakis,1962-04-12,
Jessy_Dixon,1938-03-12,2011-09-26
Billie_Joe_Armstrong,1972-02-17,
Cass_Daley,1915-07-17,1975-03-22
Edna_Hicks,1891-10-14,1925-08-16
Aileen_Quinn,1971-06-28,
Anastacia,1968-09-17,
Yolanda_Adams,1961-08-27,
Freddie_Scott,1933-04-24,2007-06-04
Bebe_Daniels,1901-01-14,1971-03-16
Marian_Anderson,,
L._C._Ulmer,1928-08-28,2016-02-14
Del_Rendon,,
Ben_Harper,1969-10-28,
Huey_Lewis,1950-07-05,
John_Harkins_(actor),1932-09-07,1999-03-05
Virtue_Hampton_Whitted,,
Israel_Alter,,
Sara_Carter,1898-07-21,1979-01-08
Franca_Duval,,
Joe_E._Lewis,1902-01-12,1971-06-04
Joe_Graydon,1919-02-06,2001-05-19
Amalia_Bakas,,
Jerome_Evans_(singer),,
Benny_Martin,,2001-03-13
Bertha_Hill,1905-03-15,1950-05-07
Mar%C3%ADa_Conchita_Alonso,1957-06-29,
Harlow_Wilcox_(musician),,2002-08-26
Paul_Ukena,,
Riccardo_Martin,,
Danny_Davis_(country_musician),1925-05-29,2008-06-12
Johnny_Adams,1932-01-05,1998-09-14
Phyllis_Litoff,1938-12-03,2002-07-07
Frances_Bible,,
Muriel_Smith_(singer),,
Big_Kenny,1963-11-01,
Elizabeth_Parcells,,
M._Shadows,1981-07-31,
Sammi_Smith,1943-08-05,2005-02-12
Tommy_Abbott,1934-11-04,1987-04-08
Joe_Waters_(musician),1947-09-19,2008-02-18
Gibson_Brothers_(bluegrass_duo),,
Larry_Riley_(actor),1953-06-20,1992-06-06
Phyllis_Nelson,1950-10-03,1998-01-12
Frankie_Valli,1934-05-03,
Joe_Hill_Louis,1921-09-23,1957-08-05
John_Bassette,1941-12-28,
Ireene_Wicker,1905-11-24,1987-11-17
Harriet_Forte_Kennedy,,
Annette_Daniels,,
Patsy_Kelly,1910-01-12,1981-09-24
Jack_Bonus,,
Wayne_King,,
Dan_Hartman,1950-12-08,1994-03-22
Sam_Goodman,1931-03-19,1991-08-01
Rusty_Hamer,1947-02-15,1990-01-18
Ernest_E._%22Jimmy%22_Walker,,
Stoney_Edwards,1929-12-24,1997-04-05
Miliza_Korjus,1909-08-18,1980-08-26
Bob_Childers,1946-11-20,2008-04-22
David_Carroll_(actor),,
Wayne_Watson,1954-10-05,
Leslie_Carter,1986-06-06,2012-01-31
Bobby_Nunn_(doo-wop_musician),,
George_Fisher_(musician),1970-07-08,
Doug_Sahm,1941-11-06,1999-11-18
Johnnie_Taylor,1934-05-05,2000-05-31
Lou_Reid,1954-09-13,
Alfred_Apaka,1919-03-19,1960-01-30
Kipp_Hamilton,1934-08-16,1981-01-29
Kenny_Baker_(American_performer),1912-09-30,1985-08-10
Frank_Lopardo,,
Keith_Andes,1920-07-12,2005-11-11
Wendy_Bagwell,,
Esther_Phillips,1935-12-23,1984-08-07
Dorothy_Dow,,
Eugene_Smith_(singer),1921-04-22,2009-05-09
Richard_Kiley,1922-03-31,1999-03-05
Little_Joe_Blue,,
Suzanne_Vega,1959-07-11,
Fleming_Williams,,
Maxwell_(musician),1973-05-23,
Bobby_Troup,1918-10-18,1999-02-07
Loulie_Jean_Norman,,
Steven_Curtis_Chapman,1962-11-21,
Leonard_Warren,,
Jeanette_MacDonald,1903-06-18,1965-01-14
Freddy_Fender,1937-06-04,2006-10-14
Claire_Watson,,
Tyrone_Davis,1938-05-04,2005-02-09
Earl_Gaines,1935-08-19,2009-12-31
Alex_Taylor_(musician),,
Leah_Ray,,
Joe_Vitale_(musician),1949-04-02,
Karla_DeVito,1953-08-29,
Poley_McClintock,,
Abu_Talib_(musician),1939-02-24,2009-10-08
Willie_D._Warren,1924-09-11,2000-12-30
Jeremy_Jordan_(singer),,
Lester_Flatt,1914-06-19,1979-05-11
Cliff_Edwards,1895-06-14,1971-07-17
Annette_Funicello,1942-10-22,2013-04-08
Vanessa_Campbell,,
Hoagy_Lands,,
Leon_Payne,,
Kin_Vassy,1943-08-16,1994-06-23
Camille_Zamora,1970-12-14,
Mia_Zapata,1965-08-25,1993-07-07
Willie_Mabon,1925-10-24,1985-04-19
Johnnie_Johnston,,
Tony_Clarke_(singer),1940-04-13,1971-08-28
Laura_Nyro,1947-10-18,1997-04-08
Matthew_Polenzani,,
Al_Pearce,1898-07-25,1961-06-02
Clarence_Edwards_(blues_musician),1933-03-25,1993-05-20
Inez_Andrews,1929-04-14,2012-12-19
James_Gilreath,,
Jan_DeGaetani,,
Nellie_Lutcher,1912-10-15,2007-06-08
Lisa_Roma,,
Meat_Loaf,1947-09-27,
Carol_Richards,,
Wally_Fowler,1917-02-15,1994-06-03
Gale_Robbins,1921-05-07,1980-02-18
K._C._Douglas,1913-11-21,1975-10-18
Jimmy_Lewis_(musician),1937-11-19,2004-09-11
Amanda_Palmer,1976-04-30,
Afroman,1974-07-28,
Emile_Renan,,
John_London,,
Anthony_Hamilton_(musician),1971-01-28,
Hamilton_Camp,1934-10-30,2005-10-02
Nick_Massi,1927-09-19,2000-12-24
Lena_Horne,1917-06-30,2010-05-09
Tyrese_Gibson,1978-12-30,
Art_Lassiter,1928-01-27,1994-08-04
Martin_Tamburovich,1958-06-06,2003-12-02
Jonathan_Davis,1971-01-18,
Alice_Ludes,,2017-02-12
Estil_C._Ball,1913-10-01,1978-07-14
Bonnie_Davis,1920-06-10,
Jon_Bon_Jovi,1962-03-02,
Moody_Jones,1908-04-08,1988-03-23
George_Garner,1892-04-16,1971-01-08
Johnny_Lee_(actor),1898-07-04,1965-12-12
Mary_Wickes,1910-06-13,1995-10-22
Kokomo_Arnold,1896-02-15,1968-11-08
Jeanne_Madden,,
Ted_Daffan,,1996-10-06
Bill_Holford,,
William_Zakariasen,,
Lee_Gaines,,
Ruda_Real,1977-06-05,2006-01-29
Shakey_Jake_Harris,1921-04-12,1990-03-02
Jimmy_Wakely,1914-02-16,1982-09-23
Vern_Gosdin,1934-08-05,2009-04-28
Tucker_Smith,1936-04-24,1988-12-22
Tamela_Mann,1966-06-09,
O%27Kelly_Isley_Jr.,1937-12-25,1986-03-31
Dorothy_Kirsten,,
Brother_Joe_May,1912-11-09,1972-07-14
David_%22Stringbean%22_Akeman,1915-06-17,1973-11-10
Reid_Shelton,1924-10-07,1997-06-08
Lee_Remick,1935-12-14,1991-07-02
Albennie_Jones,1914-11-29,1989-06-24
Mae_West,1893-08-17,1980-11-22
James_Taylor,1948-03-12,
Marc_Jordan,,
Siedah_Garrett,1958-06-24,
Alice_Nielsen,,
Felicia_Sanders,,
Lucy_Isabelle_Marsh,1878-04-10,1956-01-20
Turner_Foddrell,1928-06-22,1995-01-31
Cher,1946-05-20,
A.L._%22Doodle%22_Owens,,
Don_Gibson,1928-04-03,2003-11-17
Timmy_Shaw,1938-09-13,1984-03-29
Marvis_Martin,,
Alan_Sparhawk,,
Arthur_%22T-Boy%22_Ross,,
Barry_Sadler,1940-11-01,1989-11-05
Chris_Gaffney,,2008-04-17
Lena_Park,1976-03-23,
Darlene_Love,1941-07-26,
Bob_Nolan,1908-04-13,1980-06-16
Irene_Dalis,1925-10-08,2014-12-14
Laura_Devon,1931-05-23,2007-07-19
Cassie_Gaines,1948-01-09,1977-10-20
Dorothy_Love_Coates,1928-01-30,2002-04-09
Freda_Payne,1942-09-19,
Dana_Reeve,1961-03-17,2006-03-06
James_Shigeta,1929-06-17,2014-07-28
Phil_Ochs,1940-12-19,1976-04-09
Brian_Littrell,1975-02-20,
Junior_Walker,1931-06-14,1995-11-23
Barbecue_Bob,1902-09-11,1931-10-21
Mason_Ruffner,,
Uncle_Kracker,1974-06-06,
Stevie_Ray_Vaughan,1954-10-03,1990-08-27
Fred_Booker,,
Charley_Booker,1925-09-03,1989-09-20
Blanche_Calloway,1902-02-09,1978-12-16
Blind_Blake,,
Annie_Golden,1951-10-19,
Louis_Otey,,
Andy_Hallett,1975-08-04,2009-03-29
Danny_Rapp,1941-05-09,1983-04-03
Roy_Hawkins,1903-02-07,1974-03-19
Jackie_Wilson,1934-06-09,1984-01-21
Bruce_Ford_(tenor),,
Ragnar_Hasselgren,1904-06-03,1982-09-28
Hayden_Thompson,1938-03-05,
Phil_Harris,1904-06-24,1995-08-11
Chris_Bell_(American_musician),1951-01-12,1978-12-27
Frances_Langford,1913-04-04,2005-07-11
Bill_Pinkney,1925-08-15,2007-07-04
Sharon_Christman,,
Lina_Pagliughi,,
Chief_Tahachee,1904-03-04,1978-06-09
Faron_Young,1932-02-25,1996-12-10
Derroll_Adams,1925-11-27,2000-02-06
Indus_Arthur,1941-04-28,1984-12-29
Luther_Magby,1896-06-05,1966-11-10
Sherrick,,
Joe_Weaver,1934-08-27,2006-07-05
Tommy_Tucker_(singer),1933-03-05,1982-01-22
Roy_Kral,,
Todd_Michael_Hall,,
Lynn_Davis_(singer),1958-07-12,
Johnny_Sansone,1957-09-27,
Amanda_Green,1963-12-29,
Johnny_Laws,1943-07-12,
Leroy_Dallas,1909-12-24,1967-09-01
B._J._Arnau,,
Deborah_Polaski,,
Asa_Martin,,1979-08-15
Stephanie_Martin,,
Yulianna,1982-05-26,
Jeri_Southern,1926-08-05,1991-08-04
Monty_Waters,,
King_Pleasure,1922-03-24,1982-03-21
Darrell_Banks,1937-07-25,1970-02-24
Michael_Cohen_(musician),,
Claudine_Longet,1942-01-29,
Tommy_Leonetti,1929-09-10,1979-09-15
Ted_Bogan,1909-05-10,1990-01-29
Ava_Gardner,1922-12-24,1990-01-25
Tom_Dundee,,
Little_Jimmy_King,1964-12-04,2002-07-19
Johnny_%22Big_Moose%22_Walker,1927-06-27,1999-11-27
Rosa_Ponselle,,
Jimmy_Roberts_(singer),1923-04-06,1999-02-06
Roberto_Pulido,,
Chris_Tomlin,1972-05-04,
Charline_Arthur,1929-09-02,1987-11-27
Gwen_McCrae,1943-12-21,
Gail_Robinson_(soprano),,
Kathy_Barr,1929-06-04,2008-06-21
Edward_Matthews,,
Barbara_Robison,1945-10-14,1988-04-22
Tommy_Page,1970-05-24,2017-03-04
Blind_Joe_Reynolds,,1968-03-10
Paul_Baloff,1960-04-25,2002-02-02
Mary_J._Blige,1971-01-11,
Koko_Taylor,1928-09-28,2009-06-03
Irene_Kral,,
Dorsey_Dixon,1897-10-14,1968-04-18
Charles_Fredericks,1918-09-05,1970-05-14
Chaz_Bono,1969-03-04,
Alexis_Gewertz_Shepard,,1998-03-31
Johnny_Duncan_(bluegrass_musician),,
Magic_Sam,1937-02-14,1969-12-01
Jeff_Chandler,1918-12-15,1961-06-17
Harry_von_Zell,1906-07-11,1981-11-21
T-Bone_Walker,1910-05-28,1975-03-16
Thelma_Carpenter,1922-01-15,1997-05-14
Gloria_Davy,1931-03-29,2012-11-28
Utah_Phillips,1935-05-15,2008-05-23
Ben_Gibbard,1976-08-11,
Jeff_Jones_(musician),1953-09-20,
Anita_Carter,1933-03-31,1999-07-29
George_Perkins_(singer),,
Helen_Bonchek_Schneyer,,
Rachel_Bissex,,
Scott_Lucas_(musician),1970-05-10,
Renaldo_Benson,1936-06-14,2005-07-01
Boogie_Woogie_Red,1925-10-18,1992-07-02
Bill_Carroll_(musician),1966-12-29,
Terry_Evans_(musician),1937-08-14,
Ann-Margret,1941-04-28,
Eugene_Holmes,,
Tim_Krekel,1950-10-10,2009-06-24
Ray_Alden,,
Seth_MacFarlane,1973-10-26,
Lazy_Bill_Lucas,1918-05-29,1982-12-11
Ralph_Camargo,1912-02-27,1992-01-15
Julius_Eastman,1940-10-27,1990-05-28
Willy_Mason,1984-11-21,
Alexander_O%27Neal,1953-11-15,
Bobby_Helms,1933-08-15,1997-06-19
Isaac_Hayes,1942-08-20,2008-08-10
Randy_DeBarge,1958-08-06,
Mississippi_Fred_McDowell,1906-01-12,1972-07-03
Thurston_Harris,1931-07-11,1990-04-14
Elmer_Dresslar_Jr.,,
Scatman_John,1942-03-13,1999-12-03
Mildred_Natwick,1905-06-19,1994-10-25
Adele_Ritchie,1874-12-21,1930-04-24
Richard_Kollmar,1910-12-31,1971-01-07
Guy_Penrod,1963-07-02,
Curt_Boettcher,1944-01-07,1987-06-14
Reverend_Gary_Davis,1896-04-30,1972-05-05
Tim_Hardin,1941-12-23,1980-12-29
Bill_Haley,1925-07-06,1981-02-09
Doris_Singleton,1919-09-28,2012-06-26
Dale_McBride,1936-12-18,1992-11-30
Major_Lance,1964-01-13,
Dolly_Kay,,
Chico_DeBarge,1966-06-23,
Slim_Harpo,1924-01-11,1970-01-31
Steven_B._Jepson,1960-05-28,
Robert_Sterling_Arnold,,
B._F._Shelton,1902-01-01,1963-02-28
David_Oliver_(singer),1942-01-08,1982-06-06
Anita_Elson,,
Jared_Anderson_(heavy_metal_musician),1974-12-28,2006-10-14
Walkin%27_Cane_Mark,1967-08-26,
Mary_Jane_Queen,,
Mary_Travers,1936-11-09,2009-09-16
Joe_Carter_(guitarist),,
Vince_Neil,1961-02-08,
Herschel_Bernardi,1923-10-30,1986-05-09
Louise_Caselotti,1910-08-23,1999-07-13
Garfield_Akers,,
Big_Daddy_Kinsey,,
Nancy_Walker,1922-05-10,1992-03-25
Herta_Glaz,,
Hank_Locklin,1918-02-15,2009-03-08
Marilyn_Duke,1916-10-03,1995-08-07
Ann_Richards_(singer),,
Al_Martino,1927-10-07,2009-10-13
Alec_Seward,1901-03-16,1972-05-11
Frank_Guarrera,,
Rosetta_Howard,,
Jaybird_Coleman,1896-05-20,1950-01-28
Forrest_Tucker,1919-02-12,1986-10-25
